{"schemaVersion":"1.0","appDefinitionTemplate":{"id":"/providers/Microsoft.PowerApps/apps/","type":"Microsoft.PowerApps/apps","tags":{"primaryDeviceWidth":"1366","primaryDeviceHeight":"768","supportsPortrait":"true","supportsLandscape":"true","primaryFormFactor":"Tablet","showStatusBar":"false","publisherVersion":"3.25024.11","minimumRequiredApiVersion":"2.2.0","hasComponent":"false","hasUnlockedComponent":"false","isUnifiedRootApp":"false","sienaVersion":"20250317T125702Z-3.25024.11.0"},"properties":{"appVersion":"2025-03-17T12:57:02Z","lifeCycleId":"Published","createdByClientVersion":{"major":3,"minor":25024,"build":11,"revision":0,"majorRevision":0,"minorRevision":0},"minClientVersion":{"major":3,"minor":25024,"build":11,"revision":0,"majorRevision":0,"minorRevision":0},"backgroundColor":"RGBA(0,176,240,1)","backgroundImageUri":"/8387153226148610358/N66bb1c43-6411-49fe-b7f7-2d3c3f7aaebd-logoSmallFile","displayName":"509 Problem Decision Tool demo","description":"split loop into another page working on getting PDSA and Belts to react correctly","commitMessage":"","appUris":{"documentUri":{"value":"/8387153226148610358/N1acd7bc3-a80f-4815-999a-92762f4b0365-document.msapp"},"imageUris":[],"additionalUris":[{"isSolutionAware":false,"value":"/8387153226148610358/N7605a594-97a8-4fc0-84b1-60307c5666f9-identity.json"}]},"createdTime":"0001-01-01T00:00:00Z","lastModifiedTime":"0001-01-01T00:00:00Z","sharedGroupsCount":0,"sharedUsersCount":0,"connectionReferences":{},"databaseReferences":{},"almMode":"Environment","performanceOptimizationEnabled":false,"canConsumeAppPass":false,"enableModernRuntimeMode":false,"executionRestrictions":{"isTeamsOnly":false,"dataLossPreventionEvaluationResult":{"status":"Compliant","lastEvaluationDate":"2024-08-23T16:42:51.0269263Z","violations":[],"violationsByPolicy":[],"violationErrorMessage":"The app uses the following connectors: shared_sharepointonline."}}},"isAppComponentLibrary":false,"appType":"ClassicCanvasApp","appComponents":[]}}